{
  "model_name": "ResNet50",
  "segments": 8,
  "size_range": [
    1.0,
    6.91
  ],
  "total_mb": 24.910736083984375,
  "cut_points": [
    "conv4_block1_add",
    "conv4_block4_add",
    "conv4_block5_out",
    "conv4_block6_add",
    "conv5_block1_add",
    "conv5_block2_add",
    "conv5_block3_add"
  ],
  "decisions": [
    [
      "conv4_block1_add",
      2.977142333984375
    ],
    [
      "conv4_block4_add",
      3.305267333984375
    ],
    [
      "conv4_block5_out",
      1.125579833984375
    ],
    [
      "conv4_block6_add",
      1.125579833984375
    ],
    [
      "conv5_block1_add",
      5.859954833984375
    ],
    [
      "conv5_block2_add",
      4.332611083984375
    ],
    [
      "conv5_block3_add",
      4.332611083984375
    ],
    [
      "OUTPUT",
      2.102142333984375
    ]
  ],
  "compliant_segments": 8,
  "total_segments": 8
}